Sample,X_lab,ON_indels,OT_indels,ODN_integration_ON,ODN_integration_OT1
dRNA1,+ - + -,0.26264957,0.031144289,0.019665941,0
dRNA1_ODN,+ - + +,0.473803908,0.03734343,0.108097484,0
FANCFg2_dRNA1,+ + + -,68.61386254,4.854368932,0.5710919,0.021105952
FANCFg2_dRNA1_ODN,+ + + +,71.18775849,0.459902271,19.07509163,0.028743892
FANCFg2,+ + - -,73.12648773,27.20607662,0.000820816,0.133043971
FANCFg2_ODN,+ + - +,61.90900217,28.12755384,11.93040738,3.33000388
GFP,- G - -,0.503517794,0.01655314,0.109290684,0
NT,- - - -,0.020782754,0,0.000944671,0
Electroporate_only,- Z - -,0.265140816,0.015080113,0.000911137,0